<keymap version="1" name="Mac OS X 10.5+ copy" parent="Mac OS X 10.5+">
  <action id="ActivateAndroidProfilerToolWindow">
    <keyboard-shortcut first-keystroke="meta 8" />
  </action>
  <action id="ActivateBuildToolWindow">
    <keyboard-shortcut first-keystroke="meta 7" />
  </action>
  <action id="ActivateStructureToolWindow" />
  <action id="Android.RunLayoutInspector">
    <keyboard-shortcut first-keystroke="meta t" second-keystroke="l" />
  </action>
  <action id="Android.SyncProject">
    <keyboard-shortcut first-keystroke="meta b" second-keystroke="g" />
  </action>
  <action id="Annotate">
    <keyboard-shortcut first-keystroke="meta g" second-keystroke="z" />
  </action>
  <action id="CheckinProject">
    <keyboard-shortcut first-keystroke="meta k" />
    <keyboard-shortcut first-keystroke="meta g" second-keystroke="c" />
  </action>
  <action id="CleanGradleProject">
    <keyboard-shortcut first-keystroke="meta b" second-keystroke="c" />
  </action>
  <action id="CompileDirty">
    <keyboard-shortcut first-keystroke="meta f9" />
    <keyboard-shortcut first-keystroke="meta b" second-keystroke="b" />
  </action>
  <action id="FileChooser.NewFolder" />
  <action id="FindNext" />
  <action id="Generate">
    <keyboard-shortcut first-keystroke="ctrl enter" />
  </action>
  <action id="Git.Branches">
    <keyboard-shortcut first-keystroke="meta g" second-keystroke="b" />
  </action>
  <action id="Git.CompareWithBranch">
    <keyboard-shortcut first-keystroke="meta g" second-keystroke="q" />
  </action>
  <action id="Git.Fetch">
    <keyboard-shortcut first-keystroke="meta g" second-keystroke="f" />
  </action>
  <action id="Git.Pull">
    <keyboard-shortcut first-keystroke="meta g" second-keystroke="p" />
  </action>
  <action id="Git.Tag">
    <keyboard-shortcut first-keystroke="meta g" second-keystroke="t" />
  </action>
  <action id="GotoChangedFile">
    <keyboard-shortcut first-keystroke="meta o" />
    <keyboard-shortcut first-keystroke="meta n" />
  </action>
  <action id="GotoClass">
    <keyboard-shortcut first-keystroke="meta o" />
    <keyboard-shortcut first-keystroke="meta n" />
  </action>
  <action id="GotoDeclaration">
    <mouse-shortcut keystroke="meta button1" />
    <mouse-shortcut keystroke="button2" />
  </action>
  <action id="GotoFile">
    <keyboard-shortcut first-keystroke="shift meta o" />
    <keyboard-shortcut first-keystroke="shift meta n" />
  </action>
  <action id="NewElement">
    <keyboard-shortcut first-keystroke="ctrl enter" />
    <keyboard-shortcut first-keystroke="meta i" />
  </action>
  <action id="NewElementInMenuGroup">
    <keyboard-shortcut first-keystroke="shift ctrl n" />
  </action>
  <action id="NewScratchFile" />
  <action id="NextEditorTab">
    <keyboard-shortcut first-keystroke="shift ctrl right" />
    <keyboard-shortcut first-keystroke="ctrl end" />
    <keyboard-shortcut first-keystroke="meta back_slash" />
  </action>
  <action id="Run">
    <keyboard-shortcut first-keystroke="ctrl r" />
    <keyboard-shortcut first-keystroke="meta b" second-keystroke="r" />
  </action>
  <action id="Vcs.CherryPick">
    <keyboard-shortcut first-keystroke="meta g" second-keystroke="w" />
  </action>
  <action id="Vcs.Push">
    <keyboard-shortcut first-keystroke="shift meta k" />
    <keyboard-shortcut first-keystroke="meta g" second-keystroke="meta s" />
  </action>
  <action id="Vcs.UpdateProject" />
  <action id="VcsShowNextChangeMarker">
    <keyboard-shortcut first-keystroke="shift ctrl alt down" />
    <keyboard-shortcut first-keystroke="ctrl f7" />
  </action>
  <action id="android.deploy.ApplyChanges">
    <keyboard-shortcut first-keystroke="ctrl meta r" />
  </action>
  <action id="android.deploy.CodeSwap">
    <keyboard-shortcut first-keystroke="shift ctrl meta r" />
  </action>
</keymap>