<application>
  <component name="FileTypeManager" version="17">
    <extensionMap>
      <mapping pattern="CoroutineDispatchers" type="Kotlin" />
      <mapping pattern="intel-android-extra-license" type="PLAIN_TEXT" />
      <mapping pattern="android-sdk-license" type="PLAIN_TEXT" />
      <mapping pattern="google-gdk-license" type="PLAIN_TEXT" />
      <mapping pattern="android-sdk-preview-license" type="PLAIN_TEXT" />
      <mapping pattern="android-googletv-license" type="PLAIN_TEXT" />
      <mapping ext="md" type="PLAIN_TEXT" />
      <mapping ext="dex" type="PLAIN_TEXT" />
    </extensionMap>
  </component>
</application>